{
  "model": "mlx-community/TinyLlama-1.1B-Chat-v1.0-4bit",
  "prompt": "The capital of France is",
  "max_tokens": 20,
  "temperature": 0.0,
  "metrics_run_002": {
    "model_load_time_ms": 2506.0697499993694,
    "compile_latency_ms": 1.2158329991507344,
    "inference_duration_ms": 516.5084999989631,
    "first_token_latency_ms": 38.042499998482526,
    "tokens_per_sec": 38.721531204307674,
    "tokens_generated": 20,
    "peak_memory_mb": 1203.171875
  },
  "comparison_vs_run_001": {
    "compile_latency_ms": {
      "run_002": 1.2158329991507344,
      "run_001": 0.1,
      "delta": 1.1158329991507343,
      "delta_pct": 1115.8329991507342
    },
    "first_token_latency_ms": {
      "run_002": 38.042499998482526,
      "run_001": 0.5,
      "delta": 37.542499998482526,
      "delta_pct": 7508.499999696505
    },
    "tokens_per_sec": {
      "run_002": 38.721531204307674,
      "run_001": 2000.0,
      "delta": -1961.2784687956923,
      "delta_pct": -98.06392343978462
    },
    "peak_memory_mb": {
      "run_002": 1203.171875,
      "run_001": 150.0,
      "delta": 1053.171875,
      "delta_pct": 702.1145833333334
    },
    "inference_duration_ms": {
      "run_002": 516.5084999989631,
      "run_001": 0.0,
      "delta": null,
      "delta_pct": null
    }
  }
}