{
  "compile_latency_ms": 1.2158329991507344,
  "first_token_latency_ms": 38.042499998482526,
  "tokens_per_sec": 38.721531204307674,
  "peak_memory_mb": 1203.171875,
  "inference_duration_ms": 516.5084999989631,
  "model_load_time_ms": 2506.0697499993694,
  "tokens_generated": 20
}